Category,Price,Product,Subtitle,NutriScore,Vegan,Vegetarian,Url,Content,Alcohol,Calcium,Protein,Energy,Folate,Iron,Iodine,Carbohydrates,Copper,Magnesium,Manganese,Sodium,Potassium,Fat,Vitamin A,Vitamin B1,Vitamin B11,Vitamin B2,Vitamin B3,Vitamin B5,Vitamin B6,Vitamin C,Vitamin E,Vitamin H,Vitamin K,Fiber,Monounsaturated Fat,Polyunsaturated Fat,Unsaturated Fat,Sugars,Saturated Fat,Zinc,Salt
sport-en-dieetvoeding,1.79,Melkunie Protein chocolade pudding,"200 gPrijs per KG € 8,95",,False,False,https://www.ah.nl/producten/product/wi474603/melkunie-protein-chocolade-pudding,Inhoud en gewicht200 Gram,,220 mg,10 g,311 kJ (74 kcal),,,,6.6 g,,28.1 mg,,,,1.5 g,,,,,,,,,,,,,,,,,0.9 g,0.75 mg,
sport-en-dieetvoeding,3.79,Nature Valley Protein pinda & chocolade repen,4 stuks,,False,False,https://www.ah.nl/producten/product/wi407165/nature-valley-protein-pinda-en-chocolade-repen,Inhoud en gewicht4 Stuks. 160 Gram4x40gPortiegrootte: 1 reep (40g)Aantal porties: 4,,,25.6 g,2045 kJ (492 kcal),,,,22.9 g,,,,,,30.1 g,,,,,,,,,,,,13.6 g,,,,,8.8 g,,
sport-en-dieetvoeding,1.89,Melkunie Breaker high protein vanille yoghurt,"200 gPrijs per KG € 9,45",,False,False,https://www.ah.nl/producten/product/wi225290/melkunie-breaker-high-protein-vanille-yoghurt,Inhoud en gewicht200 Gram,,150 mg,6 g,357 kJ (84 kcal),,,,13 g,,,,,,0.9 g,,,,,,,,,,,,,,,,,0.5 g,,
sport-en-dieetvoeding,1.59,Melkunie Protein aardbei framboos shake,"225 mlPrijs per LT € 7,07",,False,False,https://www.ah.nl/producten/product/wi415701/melkunie-protein-aardbei-framboos-shake,Inhoud en gewicht225 Milliliter,,274 mg,9 g,322 kJ (76 kcal),,,,6.5 g,,,,,,1.6 g,,,,0.22 µg,,,,,,,,,,,,,1 g,,
sport-en-dieetvoeding,1.79,Melkunie Protein chocolade shake,"250 mlPrijs per LT € 7,16",,False,False,https://www.ah.nl/producten/product/wi493103/melkunie-protein-chocolade-shake,Inhoud en gewicht250 Milliliter,,172 mg,8.1 g,265 kJ (63 kcal),,,,4.8 g,,28.1 mg,,,,1.2 g,,,,,,,,,,,,,,,,,0.8 g,1.2 mg,
sport-en-dieetvoeding,1.89,Melkunie Protein salted caramel pudding,"200 gPrijs per KG € 9,45",,False,False,https://www.ah.nl/producten/product/wi474604/melkunie-protein-salted-caramel-pudding,Inhoud en gewicht200 Gram,,208 mg,10 g,304 kJ (72 kcal),,,,7.4 g,,28.1 mg,,,,1.5 g,,,,,,,,,,,,,,,,,0.9 g,0.75 mg,
sport-en-dieetvoeding,2.45,Liga Proteine reep pinda,"160 gPrijs per KG € 15,31",,False,False,https://www.ah.nl/producten/product/wi505200/liga-proteine-reep-pinda,Inhoud en gewicht160 GramPortiegrootte: 1 reep = 32 g. 1 verpakking bevat 5 repen.,,,15 g,1974 kJ (473 kcal),,,,50 g,,,,,,24 g,,,,,,,,,,,,4.3 g,,,,,9.2 g,,
sport-en-dieetvoeding,1.99,HiPRO Protein drink framboos aardbei,"300 mlPrijs per LT € 6,63",Nutri-Score A,False,False,https://www.ah.nl/producten/product/wi498199/hipro-protein-drink-framboos-aardbei,Inhoud en gewicht300 Milliliter,,174 mg,8.34 g,260 kJ (62 kcal),,,,6.1 g,,,,,,0.5 g,,,,,,,,,,,,0.03 g,,,,,0.3 g,,
sport-en-dieetvoeding,1.59,Melkunie Protein aardbei kwark,"200 gPrijs per KG € 7,95",,False,False,https://www.ah.nl/producten/product/wi395071/melkunie-protein-aardbei-kwark,Inhoud en gewicht200 Gram,,,10 g,291 kJ (67 kcal),,,,6.4 g,,,,,,0.3 g,,,,,,,,,,,,,,,,,0.2 g,,
sport-en-dieetvoeding,1.69,"Melkunie Protein mango yoghurt 0,8% fat","200 gPrijs per KG € 8,45",,False,False,https://www.ah.nl/producten/product/wi448811/melkunie-protein-mango-yoghurt-0-8-fat,Inhoud en gewicht200 Gram,,,10 g,306 kJ (73 kcal),,,,5.5 g,,,,,,0.8 g,,,,,,,,,,,,,,,,,0.5 g,,
sport-en-dieetvoeding,1.59,"Melkunie Protein bosbes kwark 0,2% fat","200 gPrijs per KG € 7,95",,False,False,https://www.ah.nl/producten/product/wi412574/melkunie-protein-bosbes-kwark-0-2-fat,Inhoud en gewicht200 Gram,,,10 g,269 kJ (62 kcal),,,,5.3 g,,,,,,0.2 g,,,,,,,,,,,,,,,,,0.1 g,,
sport-en-dieetvoeding,0.99,AA Drink High energy,"330 mlPrijs per LT € 3,00",,False,False,https://www.ah.nl/producten/product/wi207521/aa-drink-high-energy,Inhoud en gewicht0.33 Liter,,,0 g,252 kJ (59 kcal),,,,14.8 g,,,,,,0 g,,,,,,,,,,,,,,,,,0 g,,
sport-en-dieetvoeding,1.79,"Melkunie Protein aardbei yoghurt 0,8% fat","200 gPrijs per KG € 8,95",,False,False,https://www.ah.nl/producten/product/wi448362/melkunie-protein-aardbei-yoghurt-0-8-fat,Inhoud en gewicht200 Gram,,,10 g,307 kJ (73 kcal),,,,5.6 g,,,,,,0.8 g,,,,,,,,,,,,,,,,,0.5 g,,
sport-en-dieetvoeding,1.99,Melkunie Protein milkdrink chocolade,"479 mlPrijs per LT € 4,15",,False,False,https://www.ah.nl/producten/product/wi401927/melkunie-protein-milkdrink-chocolade,Inhoud en gewicht479 Milliliter,,135 mg,5.6 g,214 kJ (51 kcal),,,,4.9 g,,,,,,0.9 g,,,,,,,,,,,,,,,,,0.6 g,,
sport-en-dieetvoeding,1.39,HiPRO Protein skyr stijl bosbes,"160 gPrijs per KG € 8,69",Nutri-Score A,False,False,https://www.ah.nl/producten/product/wi498342/hipro-protein-skyr-stijl-bosbes,Inhoud en gewicht160 Gram,,,9.3 g,226 kJ (53 kcal),,,,3.6 g,,,,,,0.1 g,,,,,,,,,,,,,,,,,0.1 g,,
sport-en-dieetvoeding,1.19,AA Drink High energy,"500 mlPrijs per LT € 2,38",,False,False,https://www.ah.nl/producten/product/wi193438/aa-drink-high-energy,Inhoud en gewicht0.5 Liter,,,0 g,252 kJ (59 kcal),,,,14.8 g,,,,,,0 g,,,,,,,,,,,,,,,,,0 g,,
sport-en-dieetvoeding,1.99,Melkunie Protein framboos aardbei drink,"500 gPrijs per KG € 3,98",,False,False,https://www.ah.nl/producten/product/wi437621/melkunie-protein-framboos-aardbei-drink,Inhoud en gewicht482 Milliliter,,116 mg,5.4 g,194 kJ (46 kcal),,,,4.6 g,,,,,,0.7 g,,,,,,,,,,,,,,,,,0.4 g,,
sport-en-dieetvoeding,1.99,HiPRO Protein drink mango,"300 mlPrijs per LT € 6,63",Nutri-Score A,False,False,https://www.ah.nl/producten/product/wi515883/hipro-protein-drink-mango,Inhoud en gewicht300 Milliliter,,175 mg,8.3 g,250 kJ (59 kcal),,,,5.4 g,,,,,,0.4 g,,,,,,,,,,,,,,,,,0.3 g,,
sport-en-dieetvoeding,1.79,Melkunie Protein hazelnut macchiato pudding,"200 gPrijs per KG € 8,95",,False,False,https://www.ah.nl/producten/product/wi520115/melkunie-protein-hazelnut-macchiato-pudding,Inhoud en gewicht200 Gram,,208 mg,10 g,311 kJ (74 kcal),,,,7.9 g,,28.2 mg,,,,1.5 g,,,,,,,,,,,,,,,,,1 g,,
sport-en-dieetvoeding,2.49,Liga Proteine reep cranberry,"160 gPrijs per KG € 15,56",,False,False,https://www.ah.nl/producten/product/wi505201/liga-proteine-reep-cranberry,Inhoud en gewicht160 GramPortiegrootte: 1 reep = 32 g. 1 verpakking bevat 5 repen.,,,14 g,1855 kJ (443 kcal),,,,55 g,,,,,,19 g,,,,,,,,,,,,3.6 g,,,,,8.2 g,,
sport-en-dieetvoeding,3.79,Nature Valley Protein salted caramel & pinda repen,4 stuks,,False,False,https://www.ah.nl/producten/product/wi407166/nature-valley-protein-salted-caramel-en-pinda-repen,Inhoud en gewicht4 Stuks. 160 Gram4 x 40 g = 160 gPortiegrootte: 1 reep (40g)Aantal porties: 4,,,25.8 g,2081 kJ (500 kcal),,,,23.5 g,,,,,,30.8 g,,,,,,,,,,,,12.9 g,,,,,7.7 g,,
sport-en-dieetvoeding,1.75,Melkunie Protein vanille drink lactosevrij,"500 gPrijs per KG € 3,50",,False,False,https://www.ah.nl/producten/product/wi437620/melkunie-protein-vanille-drink-lactosevrij,Inhoud en gewicht482 Milliliter,,116 mg,5.4 g,194 kJ (46 kcal),,,,4.6 g,,,,,,0.7 g,,,,,,,,,,,,,,,,,0.4 g,,
sport-en-dieetvoeding,1.89,Dextro Energy citroen,"3 stuksPrijs per KG € 13,40",,False,False,https://www.ah.nl/producten/product/wi35686/dextro-energy-citroen,Inhoud en gewicht3 Stuks3x47gr,,,0 g,1560 kJ (367 kcal),,,,90 g,,,,,,< 0.5 g,,,,,,,,120 mg,,,,,,,,,< 0.3 g,,
sport-en-dieetvoeding,1.79,Melkunie Protein vanille kwark,"200 gPrijs per KG € 8,95",,False,False,https://www.ah.nl/producten/product/wi457980/melkunie-protein-vanille-kwark,Inhoud en gewicht200 Gram,,,10 g,312 kJ (73 kcal),,,,6.9 g,,,,,,0.2 g,,,,,,,,,,,,,,,,,0.1 g,,
sport-en-dieetvoeding,2.09,HiPRO Protein mousse dark chocolate,"200 gPrijs per KG € 10,45",Nutri-Score A,False,False,https://www.ah.nl/producten/product/wi515846/hipro-protein-mousse-dark-chocolate,Inhoud en gewicht200 GramPortiegrootte: Per portie 200g,,,10.2 g,329 kJ (78 kcal),,,,3.7 g,,56 mg,,,,2.5 g,,,,,,,,,,,,,,,,,1.3 g,,
sport-en-dieetvoeding,1.59,Aquarius Orange,"0,5 lPrijs per LT € 3,18",,False,False,https://www.ah.nl/producten/product/wi110693/aquarius-orange,Inhoud en gewicht500 Milliliter,,,0 g,138 kJ (33 kcal),,,,7.9 g,,,,,,0 g,,,,,,,0.11 mg,,,,,,,,,,0 g,,
sport-en-dieetvoeding,1.39,HiPRO Protein skyr stijl pindakaas banaan,"160 gPrijs per KG € 8,69",Nutri-Score A,False,False,https://www.ah.nl/producten/product/wi498343/hipro-protein-skyr-stijl-pindakaas-banaan,Inhoud en gewicht160 Gram,,,9.3 g,234 kJ (56 kcal),,,,4.4 g,,,,,,0.1 g,,,,,,,,,,,,,,,,,0.1 g,,
sport-en-dieetvoeding,1.99,HiPRO Protein kwark banaan,"200 gPrijs per KG € 9,95",Nutri-Score A,False,False,https://www.ah.nl/producten/product/wi520225/hipro-protein-kwark-banaan,Inhoud en gewicht200 GramPortiegrootte: Per portie (200g),,,12.6 g,296 kJ (70 kcal),,,,4 g,,,,,,0.4 g,,,,,,,,,,,,,,,,,0.3 g,,
sport-en-dieetvoeding,1.19,AA Drink Iso lemon,"0,5 lPrijs per LT € 2,38",,False,False,https://www.ah.nl/producten/product/wi185157/aa-drink-iso-lemon,Inhoud en gewicht500 Milliliter,,,0 g,139 kJ (33 kcal),,,,7.9 g,,,,,,0 g,,,,,2.4 mg,0.9 mg,0.21 mg,,1.8 mg,7.5 µg,,,,,,,0 g,,
sport-en-dieetvoeding,1.59,Melkunie Protein tropical shake,"225 mlPrijs per LT € 7,07",,False,False,https://www.ah.nl/producten/product/wi415699/melkunie-protein-tropical-shake,Inhoud en gewicht225 Milliliter,,275 mg,9 g,322 kJ (79 kcal),,,,7 g,,,,,,1.6 g,,,,0.22 µg,,,,,,,,,,,,,1 g,,
sport-en-dieetvoeding,1.99,HiPRO Protein kwark bosvruchten,"200 gPrijs per KG € 9,95",Nutri-Score A,False,False,https://www.ah.nl/producten/product/wi520134/hipro-protein-kwark-bosvruchten,Inhoud en gewicht200 GramPortiegrootte: Per portie (200g),,,12.6 g,290 kJ (68 kcal),,,,3.6 g,,,,,,0.4 g,,,,,,,,,,,,,,,,,0.3 g,,
sport-en-dieetvoeding,1.99,HiPRO Protein drink vanille cookie,"300 mlPrijs per LT € 6,63",Nutri-Score A,False,False,https://www.ah.nl/producten/product/wi498200/hipro-protein-drink-vanille-cookie,Inhoud en gewicht300 Milliliter,,175 g,8.34 g,246 kJ (58 kcal),,,,5.3 g,,,,,,0.4 g,,,,,,,,,,,,0.01 g,,,,,0.3 g,,
sport-en-dieetvoeding,2.55,Barebells Cookies & cream,"55 gNormale prijs per KG € 46,36",,False,False,https://www.ah.nl/producten/product/wi414028/barebells-cookies-en-cream,Inhoud en gewicht55 GramPortiegrootte: Per reep 55 gAantal porties: 1,,,37 g,1475 kJ (353 kcal),,,,31 g,,,,,,12 g,,,,,,,,,,,,5 g,,,,,6.1 g,,
sport-en-dieetvoeding,1.85,HiPRO Protein drink citroen,"300 mlPrijs per LT € 6,17",Nutri-Score A,False,False,https://www.ah.nl/producten/product/wi515862/hipro-protein-drink-citroen,Inhoud en gewicht300 MilliliterPortiegrootte: Per portie (300g),,175 mg,8.3 g,246 kJ (59 kcal),,,,5.3 g,,,,,,0.5 g,,,,,,,,,,,,,,,,,0.3 g,,
sport-en-dieetvoeding,1.85,Melkunie Protein vanilla yoghurt,"200 gPrijs per KG € 9,25",,False,False,https://www.ah.nl/producten/product/wi520090/melkunie-protein-vanilla-yoghurt,Inhoud en gewicht200 Gram,,,10 g,296 kJ (70 kcal),,,,5.4 g,,,,,,0.6 g,,,,,,,,,,,,,,,,,0.4 g,,
sport-en-dieetvoeding,2.55,Barebells Protein bar hazelnut & nougat,"55 gNormale prijs per KG € 46,36",,False,False,https://www.ah.nl/producten/product/wi451891/barebells-protein-bar-hazelnut-en-nougat,Inhoud en gewicht55 GramPortiegrootte: Per reep 55 gAantal porties: 1,,,36 g,1552 kJ (372 kcal),,,,28 g,,,,,,16 g,,,,,,,,,,,,5.3 g,,,,,6.5 g,,
sport-en-dieetvoeding,1.09,Active O2 Appel-kiwi,"0,5 lPrijs per LT € 2,18",,False,False,https://www.ah.nl/producten/product/wi376093/active-o2-appel-kiwi,Inhoud en gewicht500 Milliliter,,,< 0.5 g,66 kJ (16 kcal),,,,3.7 g,,,,,,< 0.5 g,,,,,,,,,,,,,,,,,< 0.1 g,,
sport-en-dieetvoeding,2.55,Barebells Caramel cashew,"55 gNormale prijs per KG € 46,36",,False,False,https://www.ah.nl/producten/product/wi414027/barebells-caramel-cashew,Inhoud en gewicht55 GramPortiegrootte: per reep 55 gAantal porties: 1,,,36 g,1552 kJ (371 kcal),,,,30 g,,,,,,15 g,,,,,,,,,,,,5.3 g,,,,,6.4 g,,
sport-en-dieetvoeding,2.99,Graze Bites chocolate,"120 gPrijs per KG € 24,92",,False,False,https://www.ah.nl/producten/product/wi495761/graze-bites-chocolate,Inhoud en gewicht120 Gram4 x 30gAantal porties: 4,,,14 g,484 kcal (2020 kJ),,,,46 g,,,,,,24 g,,,,,,,,,,,,13 g,,,,,7.6 g,,
sport-en-dieetvoeding,1.89,Melkunie Protein yogurt drink aardbei & vanille,"330 mlPrijs per LT € 5,73",,False,False,https://www.ah.nl/producten/product/wi533097/melkunie-protein-yogurt-drink-aardbei-en-vanille,Inhoud en gewicht330 Milliliter,,209 mg,6.4 g,279 kJ (66 kcal),,,,7.7 g,,,,,,0 g,,,,,,,,,,,,,,,,,0 g,,
sport-en-dieetvoeding,2.19,Weight Care 12-uurtje Pinda-noga smaak,2 stuks,,False,False,https://www.ah.nl/producten/product/wi52371/weight-care-12-uurtje-pinda-noga-smaak,Inhoud en gewicht2 Stuks. 116 Gram2 x 58 gPortiegrootte: Per reep (58 g).Aantal porties: 2,,427 mg,24 g,1539 kJ (367 kcal),,11 mg,162 µg,37 g,0.69 mg,196 mg,1.3 mg,,932 mg,12 g,426 µg,0.78 mg,158 µg,0.91 mg,8.7 mg,3.1 mg,0.81 mg,46 mg,9.2 mg,42 µg,39 µg,12 g,,,,,4.3 g,7.1 mg,
sport-en-dieetvoeding,1.89,Melkunie Protein yogurt drink bosbes,"330 mlPrijs per LT € 5,73",,False,False,https://www.ah.nl/producten/product/wi533098/melkunie-protein-yogurt-drink-bosbes,Inhoud en gewicht330 Milliliter,,209 mg,6.4 g,283 kJ (67 kcal),,,,7.8 g,,,,,,0 g,,,,,,,,,,,,,,,,,0 g,,
sport-en-dieetvoeding,2.55,Barebells Salted peanut,"55 gNormale prijs per KG € 46,36",,False,False,https://www.ah.nl/producten/product/wi430023/barebells-salted-peanut,Inhoud en gewicht55 GramPortiegrootte: Per reep 55 gAantal porties: 1,,,36 g,1549 kJ (371 kcal),,,,29 g,,,,,,15 g,,,,,,,,,,,,7.2 g,,,,,6.5 g,,
sport-en-dieetvoeding,2.99,Graze Bites honey cinnamon,"120 gPrijs per KG € 24,92",,False,False,https://www.ah.nl/producten/product/wi495763/graze-bites-honey-cinnamon,Inhoud en gewicht120 Gram4 x 30gAantal porties: 4,,,16 g,498 kcal (2077 kJ),,,,42 g,,,,,,27 g,,,,,,,,,,,,14 g,,,,,3.7 g,,
sport-en-dieetvoeding,1.59,Aquarius Cherry isotonic,"0,5 lPrijs per LT € 3,18",,False,False,https://www.ah.nl/producten/product/wi458131/aquarius-cherry-isotonic,Inhoud en gewicht500 Milliliter,,,0 g,70 kJ (16 kcal),,,,3.9 g,,,,,,0 g,,,,,,,0.11 mg,,,,,,,,,,0 g,,
sport-en-dieetvoeding,1.49,Body & Fit Smart protein chips paprika flavour,"23 gPrijs per KG € 64,78",,False,False,https://www.ah.nl/producten/product/wi518840/body-en-fit-smart-protein-chips-paprika-flavour,Inhoud en gewicht23 Gram,,,29 g,1721 kJ (409 kcal),,,,43 g,,,,,,11 g,,,,,,,,,,,,10 g,,,,,1.1 g,,
sport-en-dieetvoeding,2.19,Weight Care Twaalfuurtje choco crisp,2 stuks,,False,False,https://www.ah.nl/producten/product/wi67800/weight-care-twaalfuurtje-choco-crisp,Inhoud en gewicht2 Stuks. 116 Gram2 x 58 gPortiegrootte: Per reep (58 g)Aantal porties: 2,,449 mg,23 g,1534 kJ (366 kcal),,11 mg,136 µg,38 g,0.86 mg,206 mg,1.4 mg,,875 mg,12 g,491 µg,0.73 mg,177 µg,0.87 mg,9.6 mg,3.1 mg,0.8 mg,46 mg,10 mg,50 µg,39 µg,12 g,,,,,4.8 g,6.5 mg,
sport-en-dieetvoeding,1.09,Active O2 Active 02 iceberry,"0,5 lPrijs per LT € 2,18",,False,False,https://www.ah.nl/producten/product/wi454456/active-o2-active-02-iceberry,Inhoud en gewicht500 Milliliter,,,< 0.5 g,57 kJ (14 kcal),,,,3.2 g,,,,,,< 0.5 g,,,,,,,,,,,,,,,,,< 0.1 g,,
sport-en-dieetvoeding,1.19,AA Drink Hydration zero,"0,5 lPrijs per LT € 2,38",,False,False,https://www.ah.nl/producten/product/wi505122/aa-drink-hydration-zero,Inhoud en gewicht500 Milliliter,,,0 g,4.3 kJ (1 kcal),,,,0.2 g,,,,,,0 g,,,,,2.4 mg,0.9 mg,0.21 mg,,,,,,,,,,0 g,,
sport-en-dieetvoeding,2.09,HiPRO Protein mousse salted caramel,"200 gPrijs per KG € 10,45",Nutri-Score A,False,False,https://www.ah.nl/producten/product/wi515866/hipro-protein-mousse-salted-caramel,Inhoud en gewicht200 GramPortiegrootte: Per portie 200g,,,10.2 g,327 kJ (78 kcal),,,,3.7 g,,56 mg,,,,2.4 g,,,,,,,,,,,,,,,,,1.4 g,,
sport-en-dieetvoeding,2.45,HiPRO Protein drink chocolade,"330 mlPrijs per LT € 7,42",Nutri-Score A,False,False,https://www.ah.nl/producten/product/wi484457/hipro-protein-drink-chocolade,Inhoud en gewicht330 Milliliter,,240 mg,7.6 g,225 kJ (53 kcal),,,,5 g,,,,,,0.2 g,,,,,,,,,,,,0.4 g,,,,,0.1 g,,
sport-en-dieetvoeding,2.09,Weight Care Drinkmaaltijd mokka,"330 mlPrijs per LT € 6,33",,False,False,https://www.ah.nl/producten/product/wi367318/weight-care-drinkmaaltijd-mokka,Inhoud en gewicht330 Milliliter,,133 mg,4.6 g,256 kJ (61 kcal),,1.6 mg,11.8 µg,8.4 g,0.1 mg,16.9 mg,0.09 mg,,157 mg,0.6 g,72.7 µg,0.13 mg,21.2 µg,0.25 mg,1.6 mg,0.78 mg,0.2 mg,5.5 mg,0.91 mg,16 µg,,1.4 g,,,,,0.1 g,1.3 mg,
sport-en-dieetvoeding,3.75,Nature Valley Protein rood fruit & pinda repen,"160 gPrijs per KG € 23,44",,False,False,https://www.ah.nl/producten/product/wi498774/nature-valley-protein-rood-fruit-en-pinda-repen,Inhoud en gewicht4 Stuks4x40gAantal porties: 4,,,25.8 g,1987 kJ (477 kcal),,,,27.3 g,,,,,,26.7 g,,,,,,,,,,,,11.8 g,,,,,7.6 g,,
sport-en-dieetvoeding,2.19,Weight Care Drinkmaaltijd vanille,"330 mlPrijs per LT € 6,64",,False,False,https://www.ah.nl/producten/product/wi367319/weight-care-drinkmaaltijd-vanille,Inhoud en gewicht330 Milliliter,,124 mg,4.6 g,256 kJ (61 kcal),,1.3 mg,16.4 µg,8 g,0.1 mg,34.1 mg,0.2 mg,,156 mg,0.6 g,73 µg,0.1 mg,24 µg,0.2 mg,1.5 mg,0.7 mg,0.1 mg,7.3 mg,1.1 mg,6 µg,6.8 µg,1.4 g,,,,,0 g,1.1 mg,
sport-en-dieetvoeding,2.49,Barebells White chocolate almond,"55 gNormale prijs per KG € 45,27",,False,False,https://www.ah.nl/producten/product/wi444578/barebells-white-chocolate-almond,Inhoud en gewicht55 GramPortiegrootte: Per reep 55 gAantal porties: 1,,,36 g,1518 kJ (364 kcal),,,,29 g,,,,,,15 g,,,,,,,,,,,,7 g,,,,,6.5 g,,
sport-en-dieetvoeding,2.85,FulFil Protein bar chocolate salted caramel,"55 gPrijs per KG € 51,82",,False,False,https://www.ah.nl/producten/product/wi470947/fulfil-protein-bar-chocolate-salted-caramel,Inhoud en gewicht55 GramPortiegrootte: Per 55g=Per portie.,,,37 g,1549 kJ (371 kcal),,,,28 g,,,,,,15 g,,0.6 mg,109 µg,0.77 mg,8.8 mg,3.3 mg,0.77 mg,43.6 mg,6.55 mg,,,6.2 g,,,,,9 g,,
sport-en-dieetvoeding,1.85,HiPRO Protein drink salted caramel,"300 mlPrijs per LT € 6,17",Nutri-Score A,False,False,https://www.ah.nl/producten/product/wi515867/hipro-protein-drink-salted-caramel,Inhoud en gewicht300 MilliliterPortiegrootte: Per portie (300g),,175 mg,8.3 g,249 kJ (59 kcal),,,,5.3 g,,,,,,0.4 g,,,,,,,,,,,,,,,,,0.3 g,,
sport-en-dieetvoeding,2.45,HiPRO Protein drink vanille,"330 mlPrijs per LT € 7,42",Nutri-Score A,False,False,https://www.ah.nl/producten/product/wi484456/hipro-protein-drink-vanille,Inhoud en gewicht330 Milliliter,,245 mg,7.6 g,216 kJ (51 kcal),,,,4.9 g,,,,,,0.1 g,,,,,,,,,,,,0.1 g,,,,,< 0.1 g,,
sport-en-dieetvoeding,2.99,Graze Chocolate cookie havermoutrepen,4 stuks,,False,False,https://www.ah.nl/producten/product/wi516573/graze-chocolate-cookie-havermoutrepen,Inhoud en gewicht120 GramAantal porties: 4,,,7.2 g,479 kcal (1998 kJ),,,,53 g,,,,,,23 g,,,,,,,,,,,,15 g,,,,,7.9 g,,
sport-en-dieetvoeding,1.19,AA Drink Isotone,"0,5 lPrijs per LT € 2,38",,False,False,https://www.ah.nl/producten/product/wi226920/aa-drink-isotone,Inhoud en gewicht0.5 Liter,,12 mg,0 g,92 kJ (22 kcal),,,,5.7 g,,8 mg,,49 mg,10 mg,0 g,,,,,,,,,,,,,,,,,0 g,,
sport-en-dieetvoeding,1.69,AH Proteine crisps paprika,"70 gPrijs per KG € 24,14",Nutri-Score A,True,True,https://www.ah.nl/producten/product/wi524468/ah-proteine-crisps-paprika,Inhoud en gewicht70 GramPortiegrootte: 25 gramAantal porties: 3,,,28 g,1672 kJ (398 kcal),,,,44 g,,,,,,9.3 g,,,,,,,,,,,,13 g,,,8 g,,1.3 g,,
sport-en-dieetvoeding,2.55,FulFil Peanut and caramel,"55 gPrijs per KG € 46,36",,False,False,https://www.ah.nl/producten/product/wi383222/fulfil-peanut-and-caramel,Inhoud en gewicht55 Gram,,,36 g,1554 kJ (372 kcal),,,,29 g,,,,,,15 g,,0.6 mg,111 µg,0.8 mg,8.8 mg,3.3 mg,0.8 mg,44 mg,6.6 mg,,,8.4 g,,,,,7.5 g,,
sport-en-dieetvoeding,1.09,Active O2 Lemon,"0,5 lPrijs per LT € 2,18",,False,False,https://www.ah.nl/producten/product/wi384861/active-o2-lemon,Inhoud en gewicht500 Milliliter,,,< 0.5 g,66 kJ (15 kcal),,,,3.3 g,,,,,,< 0.5 g,,,,,,,,,,,,,,,,,< 0.1 g,,
sport-en-dieetvoeding,1.49,Body & Fit Smart protein chips original,"23 gPrijs per KG € 64,78",,False,False,https://www.ah.nl/producten/product/wi518822/body-en-fit-smart-protein-chips-original,Inhoud en gewicht23 Gram,,,32 g,1689 kJ (401 kcal),,,,42 g,,,,,,9.1 g,,,,,,,,,,,,10 g,,,,,0.9 g,,
sport-en-dieetvoeding,3.69,Yfood This is food smooth vanilla,"0,5 lPrijs per LT € 7,38",Nutri-Score A,False,False,https://www.ah.nl/producten/product/wi519372/yfood-this-is-food-smooth-vanilla,Inhoud en gewicht500 MilliliterPortiegrootte: Verpakking (500 ml)Aantal porties: 1,,160 mg,6.8 g,418 kJ (100 kcal),,0.7 mg,7.5 µg,6.8 g,0.05 mg,18.8 mg,0.1 mg,,120 mg,4.7 g,,0.055 mg,10.1 µg,0.17 mg,0.8 mg,0.3 mg,0.07 mg,4 mg,0.6 mg,2.5 µg,3.8 µg,1.6 g,,,,,1 g,0.5 mg,
sport-en-dieetvoeding,7.16,Melkunie Protein chocolade pudding pakket,per stuk,,False,False,https://www.ah.nl/producten/product/wi531197/melkunie-protein-chocolade-pudding-pakket,,,,,,,,,,,,,,,,,,,,,,,,,,,,,,,,,,
sport-en-dieetvoeding,3.69,Yfood This is food drinkmaaltijd classic choco,"0,5 lPrijs per LT € 7,38",Nutri-Score A,False,False,https://www.ah.nl/producten/product/wi519373/yfood-this-is-food-drinkmaaltijd-classic-choco,Inhoud en gewicht500 MilliliterPortiegrootte: Verpakking (500 ml)Aantal porties: 1,,160 mg,6.5 g,419 kJ (100 kcal),,1.3 mg,7.5 µg,8.2 g,0.07 mg,26 mg,0.12 mg,,200 mg,4.3 g,,0.055 mg,10.1 µg,0.17 mg,0.8 mg,0.3 mg,0.07 mg,4 mg,0.6 mg,2.5 µg,3.8 µg,1.5 g,,,,,1.2 g,0.5 mg,
sport-en-dieetvoeding,2.85,Grenade Protein bars choc chip salt caramel,"60 gPrijs per KG € 47,50",,False,False,https://www.ah.nl/producten/product/wi484507/grenade-protein-bars-choc-chip-salt-caramel,Inhoud en gewicht60 Gram,,,33 g,1572 kJ (376 kcal),,,,34 g,,,,,,16 g,,,,,,,,,,,,4.1 g,,,,,9.2 g,,
sport-en-dieetvoeding,3.39,Isostar High energy sportbar banana,3 x 40 g,,False,False,https://www.ah.nl/producten/product/wi199337/isostar-high-energy-sportbar-banana,Inhoud en gewicht3 Stuks. 120 Gram3 x 40 g,,,5 g,398 kcal (1679 kJ),,,,73 g,,,,,,9.3 g,,1 mg,,0.78 mg,8.8 mg,,1.2 mg,50 mg,5.9 mg,,,,,,,,5.9 g,,
sport-en-dieetvoeding,7.49,Isostar Hydrate & perform sportdrink lemon,"400 gPrijs per KG € 18,73",,False,False,https://www.ah.nl/producten/product/wi199377/isostar-hydrate-en-perform-sportdrink-lemon,Inhoud en gewicht400 GramPortiegrootte: Voor 500 ml drank (met 40 g poeder) = 1 Portion.Aantal porties: 10,,400 mg,0 g,374 kcal (1590 kJ),,,,88 g,,155 mg,,,,0 g,,0.58 mg,,,,,,100 mg,,,,,,,,,0 g,,
sport-en-dieetvoeding,3.69,Yfood This is food cold brew coffee,"0,5 lPrijs per LT € 7,38",Nutri-Score A,False,False,https://www.ah.nl/producten/product/wi519392/yfood-this-is-food-cold-brew-coffee,Inhoud en gewicht500 MilliliterPortiegrootte: Verpakking (500 ml) bevat één portie.Aantal porties: 1,,160 mg,6.8 g,419 kJ (100 kcal),,0.7 mg,7.5 µg,6.9 g,0.05 mg,18.8 mg,0.1 mg,,120 mg,4.6 g,40 µg,0.055 mg,10.1 µg,0.17 mg,0.8 mg,0.3 mg,0.07 mg,4 mg,0.6 mg,2.5 µg,3.8 µg,1.7 g,,,,,1 g,0.5 mg,
sport-en-dieetvoeding,2.89,AH Sportdrank orange 6-pack,"3 lPrijs per LT € 0,96",Nutri-Score E,True,True,https://www.ah.nl/producten/product/wi482689/ah-sportdrank-orange-6-pack,Inhoud en gewicht500 MilliliterPortiegrootte: 500 milliliterAantal porties: 1,,,0 g,255 kJ (60 kcal),,,,15 g,,,,,,0.01 g,,,,,,,,,,,,0 g,,,0 g,,0.01 g,,
sport-en-dieetvoeding,2.99,Barebells Milkshake vanilla flavour,"330 mlNormale prijs per LT € 9,06",,False,False,https://www.ah.nl/producten/product/wi518739/barebells-milkshake-vanilla-flavour,Inhoud en gewicht330 MilliliterPortiegrootte: 330 ml = 1 portie,,,7.3 g,245 kJ (58 kcal),,,,3.8 g,,,,,,1.4 g,,,,,,,,,,,,,,,,,0.9 g,,
sport-en-dieetvoeding,1.99,Body & Fit Perfection bar deluxe chocolate caramel,"55 gPrijs per KG € 36,18",,False,False,https://www.ah.nl/producten/product/wi518934/body-en-fit-perfection-bar-deluxe-chocolate-caramel,Inhoud en gewicht55 Gram,,,36 g,1596 kJ (382 kcal),,,,34 g,,,,,,16 g,,,,,,,,,,,,4.6 g,,,,,9 g,,
sport-en-dieetvoeding,2.99,Barebells Milkshake chocolate flavour,"330 mlNormale prijs per LT € 9,06",,False,False,https://www.ah.nl/producten/product/wi518767/barebells-milkshake-chocolate-flavour,Inhoud en gewicht330 MilliliterPortiegrootte: 330 ml = 1 portie,,,7.3 g,240 kJ (57 kcal),,,,3.6 g,,,,,,1.3 g,,,,,,,,,,,,,,,,,0.8 g,,
sport-en-dieetvoeding,2.95,Grenade Carb killa fudged up,"60 gPrijs per KG € 49,17",,False,False,https://www.ah.nl/producten/product/wi519520/grenade-carb-killa-fudged-up,Inhoud en gewicht60 Gram,,,34 g,1614 kJ (387 kcal),,,,29 g,,,,,,17 g,,,,,,,,,,,,8.8 g,,,,,9.3 g,,
sport-en-dieetvoeding,1.69,AH Proteine crisps sweet chili,"70 gPrijs per KG € 24,14",Nutri-Score B,True,True,https://www.ah.nl/producten/product/wi524470/ah-proteine-crisps-sweet-chili,Inhoud en gewicht70 GramPortiegrootte: 25 gramAantal porties: 3,,,27 g,1681 kJ (400 kcal),,,,46 g,,,,,,9.3 g,,,,,,,,,,,,12 g,,,7.9 g,,1.3 g,,
sport-en-dieetvoeding,2.85,Grenade Protein bars white choc salt peanut,"60 gPrijs per KG € 47,50",,False,False,https://www.ah.nl/producten/product/wi474894/grenade-protein-bars-white-choc-salt-peanut,Inhoud en gewicht60 Gram,,,33 g,1679 kJ (403 kcal),,,,32 g,,,,,,20 g,,,,,,,,,,,,4.1 g,,,,,9.7 g,,
sport-en-dieetvoeding,17.49,Aquarius Lemon met sportdop 12-pack,"12 x 0,5 lPrijs per LT € 2,92",,False,False,https://www.ah.nl/producten/product/wi428497/aquarius-lemon-met-sportdop-12-pack,Inhoud en gewicht500 Milliliter,,,0 g,112 kJ (27 kcal),,,,6.3 g,,,,,,0 g,,,,,,,0.11 mg,,,,,,,,,,0 g,,
sport-en-dieetvoeding,2.89,AH Sportdrank blue 6-pack,"3 lPrijs per LT € 0,96",Nutri-Score D,True,True,https://www.ah.nl/producten/product/wi482690/ah-sportdrank-blue-6-pack,Inhoud en gewicht500 MilliliterPortiegrootte: 500 milliliterAantal porties: 1,,,0 g,87 kJ (20 kcal),,,,5.1 g,,,,,,0 g,,,,,2.4 mg,0.9 mg,0.2 mg,,,,,0 g,,,0 g,,0 g,,
sport-en-dieetvoeding,2.09,Killerbody Snackreep lemon cheesecake,"40 gPrijs per KG € 52,25",,False,False,https://www.ah.nl/producten/product/wi509360/killerbody-snackreep-lemon-cheesecake,Inhoud en gewicht40 GramPortiegrootte: 1 portie = 1 reep (40g)Aantal porties: 1,,,31 g,1542 kJ (369 kcal),,,,29 g,,,,,,16 g,,,,,,,,,,,,7.3 g,,,,,11 g,,
sport-en-dieetvoeding,1.49,The Organic Crave Paprika & onion protein chips,"30 gPrijs per KG € 49,67",Nutri-Score A,False,False,https://www.ah.nl/producten/product/wi518741/the-organic-crave-paprika-en-onion-protein-chips,Inhoud en gewicht30 Gram,,,24 g,1677 kJ (401 kcal),,,,52 g,,,,,,9.2 g,,,,,,,,,,,,5.8 g,,,,,1 g,,
sport-en-dieetvoeding,1.69,AH Proteine crisps rozemarijn,"70 gPrijs per KG € 24,14",Nutri-Score A,True,True,https://www.ah.nl/producten/product/wi524469/ah-proteine-crisps-rozemarijn,Inhoud en gewicht70 GramPortiegrootte: 25 gramAantal porties: 3,,,27 g,1660 kJ (395 kcal),,,,45 g,,,,,,9.2 g,,,,,,,,,,,,12 g,,,7.9 g,,1.3 g,,
sport-en-dieetvoeding,2.55,Barebells Salty Peanut Vegan,"55 gNormale prijs per KG € 46,36",,False,False,https://www.ah.nl/producten/product/wi492613/barebells-salty-peanut-vegan,Inhoud en gewicht55 GramPortiegrootte: Per reep 55 gAantal porties: 1,,,27 g,1598 kJ (383 kcal),,,,38 g,,,,,,17 g,,,,,,,,,,,,12 g,,,,,7.4 g,,
sport-en-dieetvoeding,1.69,Body & Fit Protein cookie double chocolate chip,"50 gPrijs per KG € 33,80",,False,False,https://www.ah.nl/producten/product/wi519013/body-en-fit-protein-cookie-double-chocolate-chip,Inhoud en gewicht50 Gram,,,30 g,1487 kJ (356 kcal),,,,30 g,,,,,,13 g,,,,,,,,,,,,8.5 g,,,,,5.5 g,,
sport-en-dieetvoeding,2.59,Barebells Protein bar white salty peanut,"55 gNormale prijs per KG € 47,09",,False,False,https://www.ah.nl/producten/product/wi516340/barebells-protein-bar-white-salty-peanut,Inhoud en gewicht55 GramPortiegrootte: Per reep 55 gAantal porties: 1,,,36 g,1585 kJ (380 kcal),,,,26 g,,,,,,17 g,,,,,,,,,,,,6.7 g,,,,,6.7 g,,
sport-en-dieetvoeding,1.49,The Organic Crave Salt & pepper protein chips,"30 gPrijs per KG € 49,67",Nutri-Score A,False,False,https://www.ah.nl/producten/product/wi518779/the-organic-crave-salt-en-pepper-protein-chips,Inhoud en gewicht30 Gram,,,23 g,1685 kJ (403 kcal),,,,54 g,,,,,,9 g,,,,,,,,,,,,5 g,,,,,1 g,,
sport-en-dieetvoeding,1.45,Focus drink Functional drink mango limoen,"330 mlPrijs per LT € 4,39",,False,False,https://www.ah.nl/producten/product/wi510452/focus-drink-functional-drink-mango-limoen,Inhoud en gewicht330 Milliliter,,,0 g,72 kJ (17 kcal),,,,4 g,,,,,,0 g,,,,,2.2 mg,0.8 mg,0.2 mg,,,,,,,,,,0 g,1.4 mg,
sport-en-dieetvoeding,3.05,Graze Sour cream & onion crunch,"104 gPrijs per KG € 29,33",,False,False,https://www.ah.nl/producten/product/wi518733/graze-sour-cream-en-onion-crunch,Inhoud en gewicht104 GramAantal porties: 4,,,13 g,429 kcal (1801 kJ),,,,58 g,,,,,,14 g,,,,,,,,,,,,9.5 g,,,,,1.3 g,,
sport-en-dieetvoeding,2.95,Grenade Carb killa peanut nutter,"60 gPrijs per KG € 49,17",,False,False,https://www.ah.nl/producten/product/wi519517/grenade-carb-killa-peanut-nutter,Inhoud en gewicht60 Gram,,,35 g,1555 kJ (373 kcal),,,,26 g,,,,,,16 g,,,,,,,,,,,,12 g,,,,,6.1 g,,
sport-en-dieetvoeding,1.79,Powerbar Ride energy peanut caramel,"55 gPrijs per KG € 32,55",,False,False,https://www.ah.nl/producten/product/wi385130/powerbar-ride-energy-peanut-caramel,Inhoud en gewicht55 Gram,,,19 g,1672 kJ (399 kcal),,,,44 g,,170 mg,,,,17 g,,,,,,,,,,,,7.9 g,,,,,7.9 g,,
sport-en-dieetvoeding,2.09,Veganz Protein choc bar brownie style,"50 gPrijs per KG € 41,80",,False,False,https://www.ah.nl/producten/product/wi470174/veganz-protein-choc-bar-brownie-style,Inhoud en gewicht50 Gram,,,25 g,1678 kJ (399 kcal),,,,43 g,,,,,,13 g,,,,,,,,,,,,,,,,,8.4 g,,
sport-en-dieetvoeding,2.09,Killerbody Snackreep cookies & cream,"40 gPrijs per KG € 52,25",,False,False,https://www.ah.nl/producten/product/wi509361/killerbody-snackreep-cookies-en-cream,Inhoud en gewicht40 GramPortiegrootte: 1 portie = 1 reep (40g)Aantal porties: 1,,,32 g,1577 kJ (377 kcal),,,,36 g,,,,,,17 g,,,,,,,,,,,,,,,,,11 g,,
sport-en-dieetvoeding,2.09,Veganz Protein choc bar cookie dough style,"50 gPrijs per KG € 41,80",,False,False,https://www.ah.nl/producten/product/wi470176/veganz-protein-choc-bar-cookie-dough-style,Inhoud en gewicht50 Gram,,,25 g,1731 kJ (412 kcal),,,,43 g,,,,,,15 g,,,,,,,,,,,,,,,,,9.5 g,,
sport-en-dieetvoeding,2.99,Barebells Milkshake strawberry flavour,"330 mlNormale prijs per LT € 9,06",,False,False,https://www.ah.nl/producten/product/wi518743/barebells-milkshake-strawberry-flavour,Inhoud en gewicht330 MilliliterPortiegrootte: 330 ml = 1 portie,,,7.3 g,245 kJ (58 kcal),,,,3.8 g,,,,,,1.4 g,,,,,,,,,,,,,,,,,0.9 g,,
sport-en-dieetvoeding,3.99,Itsu Crispy seaweed thins sea salt,"15 gPrijs per KG € 266,00",,True,True,https://www.ah.nl/producten/product/wi518764/itsu-crispy-seaweed-thins-sea-salt,Inhoud en gewicht3 Stuks3x5gAantal porties: 3,,,28 g,1901 kJ (459 kcal),,,1840 µg,5.8 g,,,,,,31 g,,,,,,,,,,,,24 g,,,,,4.5 g,,
sport-en-dieetvoeding,6.79,Isostar Hydrate & perform sportdrink orange,"400 gPrijs per KG € 16,98",,False,False,https://www.ah.nl/producten/product/wi199376/isostar-hydrate-en-perform-sportdrink-orange,Inhoud en gewicht400 GramPortiegrootte: Voor 500 ml drank (met 40 g poeder) = 1 Portion.Aantal porties: 10,,400 mg,0 g,373 kcal (1587 kJ),,,,88 g,,155 mg,,,,0 g,,0.58 mg,,,,,,100 mg,,,,,,,,,0 g,,
sport-en-dieetvoeding,2.85,Grenade Protein bars birthday cake,"60 gPrijs per KG € 47,50",,False,False,https://www.ah.nl/producten/product/wi474896/grenade-protein-bars-birthday-cake,Inhoud en gewicht60 Gram,,,33 g,1516 kJ (363 kcal),,,,30 g,,,,,,16 g,,,,,,,,,,,,3 g,,,,,9.1 g,,
sport-en-dieetvoeding,1.99,Body & Fit Smart bar crunchy coffee & chocolate,"45 gPrijs per KG € 44,22",,False,False,https://www.ah.nl/producten/product/wi461568/body-en-fit-smart-bar-crunchy-coffee-en-chocolate,Inhoud en gewicht45 Gram,,,33 g,1465 kJ (350 kcal),,,,31 g,,,,,,13 g,,,,,,,,,,,,6.5 g,,,,,6.1 g,,
sport-en-dieetvoeding,1.49,The Organic Crave Sour cream & onion protein chips,"30 gPrijs per KG € 49,67",Nutri-Score A,False,False,https://www.ah.nl/producten/product/wi518720/the-organic-crave-sour-cream-en-onion-protein-chips,Inhoud en gewicht30 Gram,,,24 g,1683 kJ (402 kcal),,,,52 g,,,,,,9.3 g,,,,,,,,,,,,5 g,,,,,1.2 g,,
sport-en-dieetvoeding,1.99,Body & Fit Smart bar crunchy chocolate peanut,"45 gPrijs per KG € 44,22",,False,False,https://www.ah.nl/producten/product/wi461542/body-en-fit-smart-bar-crunchy-chocolate-peanut,Inhoud en gewicht45 Gram,,,33 g,1476 kJ (353 kcal),,,,31 g,,,,,,14 g,,,,,,,,,,,,6.8 g,,,,,5.9 g,,
sport-en-dieetvoeding,1.99,Body & Fit Perfection bar crunchy chocolate cookie,"60 gPrijs per KG € 33,17",,False,False,https://www.ah.nl/producten/product/wi518815/body-en-fit-perfection-bar-crunchy-chocolate-cookie,Inhoud en gewicht1 Stuks. 60 Gram,,,33 g,1499 kJ (358 kcal),,,,32 g,,,,,,14 g,,,,,,,,,,,,6.3 g,,,,,6.6 g,,
sport-en-dieetvoeding,1.99,Clif Bar Chocolate Peanut Butter,"50 gPrijs per KG € 39,80",,False,False,https://www.ah.nl/producten/product/wi474863/clif-bar-chocolate-peanut-butter,Inhoud en gewicht50 GramPortiegrootte: Per Reep (50g),,,14 g,1884 kJ (450 kcal),,,,46 g,,,,,,22 g,,,,,,,,,,,,6.2 g,,,,,4.9 g,,
sport-en-dieetvoeding,1.99,Clif Bar Chocolate Hazelnut Butter,"50 gPrijs per KG € 39,80",,False,False,https://www.ah.nl/producten/product/wi475270/clif-bar-chocolate-hazelnut-butter,Inhoud en gewicht50 GramPortiegrootte: Per Reep (50g),,,12 g,1898 kJ (454 kcal),,,,49 g,,,,,,22 g,,,,,,,,,,,,5.9 g,,,,,4.2 g,,
sport-en-dieetvoeding,1.99,Body & Fit Smart protein drink chocolate flavour,"250 mlPrijs per LT € 7,96",,False,False,https://www.ah.nl/producten/product/wi503842/body-en-fit-smart-protein-drink-chocolate-flavour,Inhoud en gewicht250 Milliliter,,,6.2 g,160 kJ (38 kcal),,,,1.1 g,,,,,,0.9 g,,,,,,,,,,,,0.6 g,,,,,0.5 g,,
sport-en-dieetvoeding,1.69,Body & Fit Smart popcorn sweet & salty,"24 gPrijs per KG € 70,42",,False,False,https://www.ah.nl/producten/product/wi518829/body-en-fit-smart-popcorn-sweet-en-salty,Inhoud en gewicht24 Gram,,,8.1 g,1655 kJ (394 kcal),,,,45 g,,,,,,17 g,,,,,,,,,,,,26 g,,,,,2.3 g,,
sport-en-dieetvoeding,2.39,Body & Fit Perfection deluxe cookie,"55 gPrijs per KG € 43,45",,False,False,https://www.ah.nl/producten/product/wi508297/body-en-fit-perfection-deluxe-cookie,Inhoud en gewicht1 Stuks. 55 Gram,,,36 g,1583 kJ (379 kcal),,,,35 g,,,,,,15 g,,,,,,,,,,,,2.9 g,,,,,8.7 g,,
sport-en-dieetvoeding,1.99,Body & Fit Protein cookie salted caramel flavour,"50 gPrijs per KG € 39,80",,False,False,https://www.ah.nl/producten/product/wi518878/body-en-fit-protein-cookie-salted-caramel-flavour,Inhoud en gewicht50 Gram,,,30 g,1487 kJ (356 kcal),,,,30 g,,,,,,13 g,,,,,,,,,,,,8.5 g,,,,,5.5 g,,
sport-en-dieetvoeding,1.99,Body & Fit Smart protein drink vanilla flavour,"250 mlPrijs per LT € 7,96",,False,False,https://www.ah.nl/producten/product/wi518945/body-en-fit-smart-protein-drink-vanilla-flavour,Inhoud en gewicht250 Milliliter,,,6.2 g,163 kJ (39 kcal),,,,1.3 g,,,,,,0.9 g,,,,,,,,,,,,0.4 g,,,,,0.6 g,,
sport-en-dieetvoeding,1.59,O2Life Redfruit cranberry,"0,75 lPrijs per LT € 2,12",,False,False,https://www.ah.nl/producten/product/wi531037/o2life-redfruit-cranberry,Inhoud en gewicht750 Milliliter,,,0 g,52 kJ (12 kcal),,,,2.8 g,,,,,,0 g,,,,,,,,,,,,,,,,,0 g,,
sport-en-dieetvoeding,13.99,Weight Care Afslankshake vanilla,"436 gPrijs per KG € 32,09",,False,False,https://www.ah.nl/producten/product/wi385037/weight-care-afslankshake-vanilla,Inhoud en gewicht436 Gram,,189 mg,12 g,1676 kJ (400 kcal),,16 mg,195 µg,52 g,1.5 mg,387 mg,2.5 mg,,779 mg,12 g,950 µg,3 mg,234 µg,2.1 mg,29 mg,12 mg,2.4 mg,124 mg,18 mg,88 µg,90 µg,18 g,,,,,2.1 g,13 mg,
sport-en-dieetvoeding,3.99,Itsu Crispy seaweed thins wasabi,"15 gPrijs per KG € 266,00",,True,True,https://www.ah.nl/producten/product/wi518706/itsu-crispy-seaweed-thins-wasabi,Inhoud en gewicht3 StuksDeze multi-verpakking bevat 3 portieverpakkingen.,,,32 g,1864 kJ (448 kcal),,,1840 µg,12 g,,,,,,27 g,,,,,,,,,,,,14 g,,,,,4.2 g,,
sport-en-dieetvoeding,2.95,Grenade Carb killa high chocolate chip cookie,"60 gPrijs per KG € 49,17",,False,False,https://www.ah.nl/producten/product/wi519516/grenade-carb-killa-high-chocolate-chip-cookie,Inhoud en gewicht60 Gram,,,34 g,1474 kJ (353 kcal),,,,34 g,,,,,,13 g,,,,,,,,,,,,51 g,,,,,6 g,,
sport-en-dieetvoeding,2.49,AH Proteïnereep pompoenpit & dadel,"90 gPrijs per KG € 27,67",Nutri-Score C,True,True,https://www.ah.nl/producten/product/wi519019/ah-proteinereep-pompoenpit-en-dadel,Inhoud en gewicht90 GramPortiegrootte: 30 gramAantal porties: 3,,,21 g,1677 kJ (403 kcal),,,,25 g,,,,,,19 g,,,,,,,,,,,,24 g,,,14 g,,3.3 g,,
sport-en-dieetvoeding,1.79,Leev Protein nutbar honey seasalt,"40 gPrijs per KG € 44,75",,False,False,https://www.ah.nl/producten/product/wi516519/leev-protein-nutbar-honey-seasalt,Inhoud en gewicht40 Gram,,,23 g,2289 kJ (550 kcal),,,,27.7 g,,,,,,37.2 g,,,,,,,,,,,,6.1 g,,,,,6.7 g,,
sport-en-dieetvoeding,2.49,AH Proteïnereep citroensmaak,"90 gPrijs per KG € 27,67",Nutri-Score C,True,True,https://www.ah.nl/producten/product/wi519024/ah-proteinereep-citroensmaak,Inhoud en gewicht90 GramPortiegrootte: 30 gramAantal porties: 3,,,20 g,1632 kJ (392 kcal),,,,26 g,,,,,,18 g,,,,,,,,,,,,23 g,,,13 g,,3.3 g,,
sport-en-dieetvoeding,2.39,Trek Power protein bar millionaire shortbread,"55 gPrijs per KG € 43,45",,False,False,https://www.ah.nl/producten/product/wi518753/trek-power-protein-bar-millionaire-shortbread,Inhoud en gewicht55 GramAantal porties: 1,,,28.1 g,1709 kJ (409 kcal),,,,27.3 g,,,0.81 mg,,,18 g,,,,,,,,,,,,12.7 g,,,,,7 g,,
sport-en-dieetvoeding,2.49,Boost ball Keto raw choc brownie,"40 gPrijs per KG € 62,25",,True,True,https://www.ah.nl/producten/product/wi518532/boost-ball-keto-raw-choc-brownie,Inhoud en gewicht4 Stuks. 40 Gram4 x 10GPortiegrootte: Per 40g packAantal porties: 4,,,16.3 g,2557 kJ (614 kcal),,,,11.3 g,,,,,,52.9 g,,,,,,,,,,,,14.5 g,,,,,38 g,,
sport-en-dieetvoeding,2.99,Jimmy Joy Plenny drink complete meal vanilla,"330 mlPrijs per LT € 9,06",,True,True,https://www.ah.nl/producten/product/wi518708/jimmy-joy-plenny-drink-complete-meal-vanilla,Inhoud en gewicht330 MilliliterPortiegrootte: ***1 portie = 330 ml,,56.1 mg,6.1 g,510 kJ (121 kcal),,0.1 mg,9.1 µg,13.5 g,0.1 mg,22.7 mg,0.1 mg,,121 mg,4.4 g,49 µg,0.7 mg,18.2 µg,0.1 mg,1.1 mg,0.4 mg,0.1 mg,12.1 mg,0.7 mg,3 µg,4.8 µg,1.8 g,,,,,0.3 g,0.6 mg,
sport-en-dieetvoeding,2.39,Trek Power protein bar peanut butter crunch,"55 gPrijs per KG € 43,45",,False,False,https://www.ah.nl/producten/product/wi518728/trek-power-protein-bar-peanut-butter-crunch,Inhoud en gewicht55 GramAantal porties: 1,,,28.3 g,1738 kJ (416 kcal),,,,27.1 g,,,0.87 mg,,,18.9 g,,,,,,,,,,,,12.1 g,,,,,7.3 g,,
sport-en-dieetvoeding,1.59,O2Life Peach greentea,"0,75 lPrijs per LT € 2,12",,False,False,https://www.ah.nl/producten/product/wi531038/o2life-peach-greentea,Inhoud en gewicht750 Milliliter,,,0 g,52 kJ (12 kcal),,,,2.8 g,,,,,,0 g,,,,,,,,,,,,,,,,,0 g,,
sport-en-dieetvoeding,2.09,Be-Kind Double dark chocolate nut,"50 gPrijs per KG € 41,80",,False,False,https://www.ah.nl/producten/product/wi474892/be-kind-double-dark-chocolate-nut,Inhoud en gewicht50 GramPortiegrootte: portiegrootte 50gAantal porties: 1,,,23 g,2208 kJ (531 kcal),,,,27 g,,,,,,35 g,,,,,,,,,,,,6 g,,,,,6.6 g,,
sport-en-dieetvoeding,2.39,Body & Fit Perfection bar crunch white choc. cook,"60 gPrijs per KG € 39,83",,False,False,https://www.ah.nl/producten/product/wi508296/body-en-fit-perfection-bar-crunch-white-choc-cook,Inhoud en gewicht1 Stuks. 60 GramAantal porties: 1,,,33 g,1454 kJ (347 kcal),,,,33 g,,,,,,12 g,,,,,,,,,,,,7.5 g,,,,,5.5 g,,
sport-en-dieetvoeding,2.49,Boost ball Keto peanut butter cup,"40 gPrijs per KG € 62,25",,True,True,https://www.ah.nl/producten/product/wi518894/boost-ball-keto-peanut-butter-cup,Inhoud en gewicht40 GramPortiegrootte: Pack (40G,,,15.2 g,2575 kJ (619 kcal),,,,10.8 g,,,,,,53.7 g,,,,,,,,,,,,13.4 g,,,,,36.9 g,,
sport-en-dieetvoeding,2.39,Rawbite Cacao,"50 gPrijs per KG € 47,80",,False,False,https://www.ah.nl/producten/product/wi437796/rawbite-cacao,Inhoud en gewicht50 Gram,,,11 g,1852 kJ (444 kcal),,,,41 g,,,,,,24 g,,,,,,,,,,,,10 g,,,,,5 g,,
sport-en-dieetvoeding,2.49,Boost ball Keto white chocolate raspberrry,"40 gPrijs per KG € 62,25",,True,True,https://www.ah.nl/producten/product/wi519041/boost-ball-keto-white-chocolate-raspberrry,Inhoud en gewicht4 Stuks. 40 Gram4 x 10G BitesPortiegrootte: Per 40g PackAantal porties: 4,,,16 g,2574 kJ (619 kcal),,,,10.9 g,,,,,,54 g,,,,,,,,,,,,13.5 g,,,,,39.5 g,,
sport-en-dieetvoeding,2.39,Rawbite Protein,"50 gPrijs per KG € 47,80",,False,False,https://www.ah.nl/producten/product/wi448939/rawbite-protein,Inhoud en gewicht50 Gram,,,21 g,1792 kJ (429 kcal),,,,34 g,,,,,,21 g,,,,,,,,,,,,10 g,,,,,5 g,,
sport-en-dieetvoeding,2.09,Be-Kind Caramel nut seasalt nut,"50 gPrijs per KG € 41,80",,False,False,https://www.ah.nl/producten/product/wi474397/be-kind-caramel-nut-seasalt-nut,Inhoud en gewicht50 GramPortiegrootte: portiegrootte 50gAantal porties: 1,,,23 g,2187 kJ (522 kcal),,,,26 g,,,,,,34 g,,,,,,,,,,,,10 g,,,,,7.9 g,,
sport-en-dieetvoeding,2.99,Jimmy Joy Plenny drink complete meal chocolate,"330 mlPrijs per LT € 9,06",,True,True,https://www.ah.nl/producten/product/wi518763/jimmy-joy-plenny-drink-complete-meal-chocolate,Inhoud en gewicht330 MilliliterPortiegrootte: *** 1portie/serving = 330 ml,,56.1 mg,6.1 g,510 kJ (121 kcal),,0.1 mg,9.1 µg,13.5 g,0.1 mg,22.7 mg,0.1 mg,,121 mg,4.4 g,49 µg,0.7 mg,18.2 µg,0.1 mg,1.1 mg,0.4 mg,0.1 mg,12.1 mg,0.7 mg,3 µg,4.8 µg,1.8 g,,,,,0.3 g,0.6 mg,
sport-en-dieetvoeding,2.49,Planet Superfood Hunger control chocolade protein bar,"40 gPrijs per KG € 62,25",Nutri-Score C,False,False,https://www.ah.nl/producten/product/wi518757/planet-superfood-hunger-control-chocolade-protein-bar,Inhoud en gewicht40 Gram,,,22 g,1674 kJ (404 kcal),,,,16 g,,,,,,25 g,,,,,,,,,,,,26 g,,,,,9.6 g,,
sport-en-dieetvoeding,2.99,Jimmy Joy Plenny bar caramel sea salt flavour,"100 gPrijs per KG € 29,90",,False,False,https://www.ah.nl/producten/product/wi519300/jimmy-joy-plenny-bar-caramel-sea-salt-flavour,Inhoud en gewicht100 Gram,,185 mg,20 g,1676 kJ (400 kcal),,3.2 mg,30 µg,39 g,0.2 mg,75 mg,0.4 mg,,400 mg,16 g,160 µg,0.2 mg,60 µg,0.3 mg,3.6 mg,1.2 mg,0.3 mg,40 mg,2.4 mg,10 µg,16 µg,8 g,,,,,1.7 g,2 mg,
sport-en-dieetvoeding,2.39,Rawbite Coconut,"50 gPrijs per KG € 47,80",,False,False,https://www.ah.nl/producten/product/wi410019/rawbite-coconut,Inhoud en gewicht50 Gram,,,8 g,1856 kJ (445 kcal),,,,43 g,,,,,,25 g,,,,,,,,,,,,8 g,,,,,12 g,,
sport-en-dieetvoeding,4.49,Body & Fit Protein bites salted caramel,"100 gPrijs per KG € 44,90",,False,False,https://www.ah.nl/producten/product/wi518900/body-en-fit-protein-bites-salted-caramel,Inhoud en gewicht100 Gram,,,35 g,1420 kJ (336 kcal),,,,34 g,,,,,,7.7 g,,,,,,,,,,,,7.2 g,,,,,5.2 g,,
sport-en-dieetvoeding,19.99,Body & Fit Smart protein vanilla flavour,"504 gPrijs per KG € 39,66",,False,False,https://www.ah.nl/producten/product/wi519233/body-en-fit-smart-protein-vanilla-flavour,Inhoud en gewicht504 Gram,,,63 g,1307 kJ (309 kcal),,,,7.6 g,,,,,,0.8 g,,,,,,,,,,,,9.3 g,,,,,0.6 g,,
sport-en-dieetvoeding,19.08,Aquarius Isotonic Orange 12pack,per stuk,,False,False,https://www.ah.nl/producten/product/wi520904/aquarius-isotonic-orange-12pack,,,,,,,,,,,,,,,,,,,,,,,,,,,,,,,,,,
sport-en-dieetvoeding,1.99,Bounce Protein ball choc brownie,"40 gPrijs per KG € 49,75",,False,False,https://www.ah.nl/producten/product/wi524456/bounce-protein-ball-choc-brownie,Inhoud en gewicht40 Gram,,,25 g,1857 kJ (445 kcal),,,,33 g,,,,,,22 g,,,,,,,,,,,,9.4 g,9.7 g,3.5 g,,,7.1 g,,
sport-en-dieetvoeding,5.29,Isostar Powertabs fast hydration orange,"120 gPrijs per KG € 44,08",,False,False,https://www.ah.nl/producten/product/wi199386/isostar-powertabs-fast-hydration-orange,Inhoud en gewicht10 Stuks. 120 Gram10 x 12 g,,340 mg,0 g,1525 kJ (358 kcal),,,,79 g,,156 mg,,,383 mg,0 g,,1.1 mg,,,,,,78 mg,14 mg,,,,,,,,0 g,,
sport-en-dieetvoeding,2.99,Jimmy Joy Plenny bar chocolate flavor,"100 gPrijs per KG € 29,90",,False,False,https://www.ah.nl/producten/product/wi518714/jimmy-joy-plenny-bar-chocolate-flavor,Inhoud en gewicht100 GramPortiegrootte: 100 gram ***  **1 portie = 100gram,,185 mg,20 g,1674 kJ (400 kcal),,3.2 mg,30 µg,41 g,0.2 mg,75 mg,0.4 mg,,400 mg,17 g,160 µg,0.2 mg,60 µg,0.3 mg,3.6 mg,1.2 mg,0.3 mg,40 mg,2.4 mg,10 µg,16 µg,6 g,,,,,3.1 g,2 mg,
sport-en-dieetvoeding,8.99,Powerbar Powergel original strawberry banana,4 stuks,,False,False,https://www.ah.nl/producten/product/wi518726/powerbar-powergel-original-strawberry-banana,Inhoud en gewicht4 Stuks. 164 Gram4 x 41 gPortiegrootte: 41 g ≈ 1 Portie,,,0 g,1075 kJ (253 kcal),,,,63 g,,,,503 mg,,0 g,,,,,,,,,,,,,,,,,0 g,,
sport-en-dieetvoeding,2.49,Planet Superfood Slimming salted caramel protein bar,"40 gPrijs per KG € 62,25",Nutri-Score C,False,False,https://www.ah.nl/producten/product/wi518750/planet-superfood-slimming-salted-caramel-protein-bar,Inhoud en gewicht40 Gram,,,23 g,1671 kJ (404 kcal),,,,14 g,,,,,,25 g,,,,,,,,,,,,27 g,,,,,8 g,,
sport-en-dieetvoeding,1.99,Snaqs Veggie bean mix cranberries,"75 gPrijs per KG € 26,53",,False,False,https://www.ah.nl/producten/product/wi518944/snaqs-veggie-bean-mix-cranberries,Inhoud en gewicht10 Stuks,,,,,,,,,,,,,,,,,,,,,,,,,,,,,,,,,
sport-en-dieetvoeding,1.99,Bounce Protein ball cocoa peanut,"35 gPrijs per KG € 56,86",,False,False,https://www.ah.nl/producten/product/wi524458/bounce-protein-ball-cocoa-peanut,Inhoud en gewicht35 Gram,,,23 g,1912 kJ (458 kcal),,,,34 g,,,,,,24 g,,,,,,,,,,,,6.9 g,12 g,5.2 g,,,4.7 g,,
sport-en-dieetvoeding,3.49,FBR Blueberry protein,"120 gPrijs per KG € 29,08",Nutri-Score B,False,False,https://www.ah.nl/producten/product/wi518758/fbr-blueberry-protein,Inhoud en gewicht4 Stuks. 120 Gram120g (4 x 30 g),,,17.4 g,1339 kJ (320 kcal),,,,56 g,,,,,,2.4 g,,,,,,,,,,,,3.3 g,,,,,0.6 g,,
sport-en-dieetvoeding,1.99,Snaqs Veggie bean mix crispy dadels,"75 gPrijs per KG € 26,53",,False,False,https://www.ah.nl/producten/product/wi518940/snaqs-veggie-bean-mix-crispy-dadels,Inhoud en gewicht10 Stuks,,,,,,,,,,,,,,,,,,,,,,,,,,,,,,,,,
sport-en-dieetvoeding,1.99,Bounce Protein ball salted caramel,"35 gPrijs per KG € 56,86",,False,False,https://www.ah.nl/producten/product/wi524457/bounce-protein-ball-salted-caramel,Inhoud en gewicht35 Gram,,,23 g,1879 kJ (453 kcal),,,,32 g,,,,,,25 g,,,,,,,,,,,,6.1 g,14 g,5.5 g,,,3.6 g,,
sport-en-dieetvoeding,39.99,Body & Fit Whey perfection vanilla,"896 gPrijs per KG € 44,63",,False,False,https://www.ah.nl/producten/product/wi461535/body-en-fit-whey-perfection-vanilla,Inhoud en gewicht896 GramPortiegrootte: per maatschep (28G),,,78 g,1534 kJ (367 kcal),,,,5.8 g,,,,,,3.5 g,,,,,,,,,,,,0.3 g,,,,,0.9 g,,
sport-en-dieetvoeding,19.99,Body & Fit Smart protein banana flavour,"504 gPrijs per KG € 39,66",,False,False,https://www.ah.nl/producten/product/wi519262/body-en-fit-smart-protein-banana-flavour,Inhoud en gewicht504 Gram,,,64 g,1302 kJ (308 kcal),,,,5.5 g,,,,,,0.9 g,,,,,,,,,,,,9.5 g,,,,,0.6 g,,
sport-en-dieetvoeding,24.99,Body & Fit Whey perfection vanilla flavour,"476 gPrijs per KG € 52,50",,False,False,https://www.ah.nl/producten/product/wi524474/body-en-fit-whey-perfection-vanilla-flavour,Inhoud en gewicht476 Gram,,,78 g,1534 kJ (367 kcal),,,,5.8 g,,,,,,3.5 g,,,,,,,,,,,,0.3 g,,,,,0.9 g,,
sport-en-dieetvoeding,5.97,Bounce 100% verantwoordelijk genieten,per pakket,,False,False,https://www.ah.nl/producten/product/wi546744/bounce-100-verantwoordelijk-genieten,,,,,,,,,,,,,,,,,,,,,,,,,,,,,,,,,,
sport-en-dieetvoeding,2.09,Tribe Triple decker nut butter choc raspberry,"40 gPrijs per KG € 52,25",,False,False,https://www.ah.nl/producten/product/wi518712/tribe-triple-decker-nut-butter-choc-raspberry,Inhoud en gewicht40 Gram,,,21 g,2023 kJ (487 kcal),,7 mg,,24 g,,,,,,32 g,,0.55 mg,,0.7 mg,,,0.7 mg,40 mg,,25 µg,,9.9 g,,,,,10 g,5 mg,
sport-en-dieetvoeding,2.09,Tribe Triple decker nut butter choc peanut,"40 gPrijs per KG € 52,25",,False,False,https://www.ah.nl/producten/product/wi518731/tribe-triple-decker-nut-butter-choc-peanut,Inhoud en gewicht40 Gram,,,21 g,2035 kJ (489 kcal),,7 mg,75 µg,24 g,,,,,,32 g,,0.55 mg,,0.7 mg,,,0.7 mg,40 mg,,25 µg,,9.7 g,,,,,10 g,5 mg,
sport-en-dieetvoeding,2.09,Tribe Peanut salted caramel triple decker,"40 gPrijs per KG € 52,25",,False,False,https://www.ah.nl/producten/product/wi518752/tribe-peanut-salted-caramel-triple-decker,Inhoud en gewicht43 Gram,,,19 g,1930 kJ (463 kcal),,7 mg,75 µg,33 g,,,,,,27 g,,0.55 mg,,0.7 mg,,,0.7 mg,40 mg,,25 µg,,8.2 g,,,,,7.4 g,5 mg,
sport-en-dieetvoeding,19.99,Tribe Protein shake powder vanilla,"500 gPrijs per KG € 39,98",,False,False,https://www.ah.nl/producten/product/wi518957/tribe-protein-shake-powder-vanilla,Inhoud en gewicht500 GramPortiegrootte: per 35 gAantal porties: 14,,,57 g,1531 kJ (366 kcal),,,,30 g,,,,,,1.3 g,,,,,,,,,,,,2.4 g,,,,,0.6 g,,
sport-en-dieetvoeding,19.08,Aquarius Isotonic Cherry 12pack,per stuk,,False,False,https://www.ah.nl/producten/product/wi520903/aquarius-isotonic-cherry-12pack,,,,,,,,,,,,,,,,,,,,,,,,,,,,,,,,,,
sport-en-dieetvoeding,23.99,Body & Fit Crazy pre-workout raspberry flavour,"407 gPrijs per KG € 58,94",,False,False,https://www.ah.nl/producten/product/wi503840/body-en-fit-crazy-pre-workout-raspberry-flavour,Inhoud en gewicht407 Gram,,,0 g,1246 kJ (293 kcal),,,,49 g,,,,,,0 g,,,,,,,,,,,,0.6 g,,,,,0 g,,
sport-en-dieetvoeding,24.99,Body & Fit 24hr Fatburn day/night,"81.1 gPrijs per KG € 308,14",,False,False,https://www.ah.nl/producten/product/wi503845/body-en-fit-24hr-fatburn-day-night,Inhoud en gewicht81.1 GramPortiegrootte: 24hr Fatburn Day. 24hr Fatburn Night,,,,,,,,,,,,,,,,,,,,,,,,,,,,,,,,,
sport-en-dieetvoeding,39.99,Body & Fit Whey perfection banana,"896 gPrijs per KG € 44,63",,False,False,https://www.ah.nl/producten/product/wi518991/body-en-fit-whey-perfection-banana,Inhoud en gewicht896 Gram,,,78 g,1528 kJ (365 kcal),,,,5.7 g,,,,,,3.4 g,,,,,,,,,,,,0.7 g,,,,,0.9 g,,
sport-en-dieetvoeding,24.99,Body & Fit Whey perfection chocolate flavour,"476 gPrijs per KG € 52,50",,False,False,https://www.ah.nl/producten/product/wi524472/body-en-fit-whey-perfection-chocolate-flavour,Inhoud en gewicht476 Gram,,,75 g,1512 kJ (361 kcal),,,,4.8 g,,,,,,4 g,,,,,,,,,,,,2.7 g,,,,,1.3 g,,
sport-en-dieetvoeding,18.99,Body & Fit Bcaa amino watermelon flavour,"330 gPrijs per KG € 57,55",,False,False,https://www.ah.nl/producten/product/wi503844/body-en-fit-bcaa-amino-watermelon-flavour,Inhoud en gewicht330 Gram,,,0 g,1284 kJ (302 kcal),,,,35 g,,,,,,0 g,,,,,,,,,,,,0 g,,,,,0 g,,
sport-en-dieetvoeding,19.99,Tribe Plant protein shake cacao + sea salt,"500 gPrijs per KG € 39,98",,False,False,https://www.ah.nl/producten/product/wi518732/tribe-plant-protein-shake-cacao-sea-salt,Inhoud en gewicht500 GramPortiegrootte: Per 38 gAantal porties: 13,,,53 g,1484 kJ (354 kcal),,,,29 g,,,,,,2.2 g,,,,,,,,,,,,4.3 g,,,,,0.8 g,,
sport-en-dieetvoeding,18.99,Body & Fit Bcaa amino fruit punch flavour,"330 gPrijs per KG € 57,55",,False,False,https://www.ah.nl/producten/product/wi518848/body-en-fit-bcaa-amino-fruit-punch-flavour,Inhoud en gewicht330 Gram,,,0 g,1195 kJ (281 kcal),,,,34 g,,,,,,0 g,,,,,,,,,,,,0.2 g,,,,,0 g,,
sport-en-dieetvoeding,39.99,Body & Fit Whey perfection chocolate,"896 gPrijs per KG € 44,63",,False,False,https://www.ah.nl/producten/product/wi519012/body-en-fit-whey-perfection-chocolate,Inhoud en gewicht896 Gram,,,75 g,1526 kJ (365 kcal),,,,5.3 g,,,,,,4.1 g,,,,,,,,,,,,2.4 g,,,,,1.3 g,,
sport-en-dieetvoeding,39.99,Body & Fit Whey perfection strawberry,"896 gPrijs per KG € 44,63",,False,False,https://www.ah.nl/producten/product/wi519027/body-en-fit-whey-perfection-strawberry,Inhoud en gewicht0.896 KilogramPortiegrootte: per maatschep (28G),,,79 g,1538 kJ (368 kcal),,,,5.1 g,,,,,,3.5 g,,,,,,,,,,,,0.6 g,,,,,0.9 g,,
sport-en-dieetvoeding,24.99,Body & Fit Whey perfection banana flavour,"476 gPrijs per KG € 52,50",,False,False,https://www.ah.nl/producten/product/wi524471/body-en-fit-whey-perfection-banana-flavour,Inhoud en gewicht476 Gram,,,78 g,1528 kJ (365 kcal),,,,5.7 g,,,,,,3.4 g,,,,,,,,,,,,0.7 g,,,,,0.9 g,,
sport-en-dieetvoeding,24.99,Body & Fit Whey perfection strawberry flavour,"476 gPrijs per KG € 52,50",,False,False,https://www.ah.nl/producten/product/wi524473/body-en-fit-whey-perfection-strawberry-flavour,Inhoud en gewicht0.476 Kilogram,,,78 g,1532 kJ (366 kcal),,,,5.8 g,,,,,,3.4 g,,,,,,,,,,,,0.5 g,,,,,1.6 g,,
sport-en-dieetvoeding,1.59,Aquarius Lemon,"0,5 lPrijs per LT € 3,18",,False,False,https://www.ah.nl/producten/product/wi30823/aquarius-lemon,Inhoud en gewicht500 Milliliter,,,0 g,112 kJ (27 kcal),,,,6.3 g,,,,,,0 g,,,,,,,0.11 mg,,,,,,,,,,0 g,,
sport-en-dieetvoeding,2.55,Powerbar 30% Protein plus vanilla coconut,"55 gPrijs per KG € 46,36",,False,False,https://www.ah.nl/producten/product/wi385013/powerbar-30-protein-plus-vanilla-coconut,Inhoud en gewicht55 Gram,,,32 g,1494 kJ (355 kcal),,,,36 g,,,,,,6.9 g,,,,,,,,,,,,11 g,,,,,4.2 g,,
sport-en-dieetvoeding,1.59,Aquarius Blue berry isotonic,"0,5 lPrijs per LT € 3,18",,False,False,https://www.ah.nl/producten/product/wi454454/aquarius-blue-berry-isotonic,Inhoud en gewicht500 Milliliter,,,0 g,77 kJ (18 kcal),,,,4.1 g,,,,,,0 g,,,,,,,0.11 mg,,,,,,,,,,0 g,,
sport-en-dieetvoeding,0.49,AH Sportdrank Blue,"0,5 lPrijs per LT € 0,98",Nutri-Score D,True,True,https://www.ah.nl/producten/product/wi482197/ah-sportdrank-blue,Inhoud en gewicht500 MilliliterPortiegrootte: 500 milliliterAantal porties: 1,,,0 g,87 kJ (20 kcal),,,,5.1 g,,,,,,0 g,,,,,2.4 mg,0.9 mg,0.2 mg,,,,,0 g,,,0 g,,0 g,,
sport-en-dieetvoeding,0.49,AH Sportdrank Orange,"0,5 lPrijs per LT € 0,98",Nutri-Score E,True,True,https://www.ah.nl/producten/product/wi482199/ah-sportdrank-orange,Inhoud en gewicht500 MilliliterPortiegrootte: 500 milliliterAantal porties: 1,,,0 g,255 kJ (60 kcal),,,,15 g,,,,,,0.01 g,,,,,,,,,,,,0 g,,,0 g,,0.01 g,,
sport-en-dieetvoeding,2.55,Barebells eiwitreep en Vitamin Well sport pakket,per stuk,,False,False,https://www.ah.nl/producten/product/wi523298/barebells-eiwitreep-en-vitamin-well-sport-pakket,,,,,,,,,,,,,,,,,,,,,,,,,,,,,,,,,,
sport-en-dieetvoeding,6.19,Barebells eiwitrepen en sportdrank pakket,per stuk,,False,False,https://www.ah.nl/producten/product/wi523300/barebells-eiwitrepen-en-sportdrank-pakket,,,,,,,,,,,,,,,,,,,,,,,,,,,,,,,,,,
